test_example_id,predicted_category
0,m
1,m
2,m
3,m
4,m
5,m
6,m
7,f
8,m
9,m
10,f
11,f
12,m
13,f
14,m
15,m
16,f
17,f
18,m
19,m
20,m
21,m
22,m
23,m
24,f
25,m
26,m
27,m
28,m
29,m
30,m
31,m
32,m
33,m
34,m
35,m
36,m
37,m
38,m
39,f
40,m
41,m
42,f
43,m
44,m
45,m
46,f
47,m
48,m
49,m
50,m
51,f
52,m
53,m
54,f
55,m
56,m
57,m
58,f
59,m
60,m
61,m
62,f
63,f
64,m
65,m
66,m
67,m
68,m
69,m
70,f
71,m
72,f
73,m
74,f
75,m
76,f
77,m
78,m
79,m
80,m
81,m
82,m
83,m
84,m
85,m
86,m
87,m
88,m
89,m
90,m
91,m
92,m
93,f
94,f
95,m
96,m
97,m
98,m
99,m
100,m
101,m
102,m
103,f
104,m
105,f
106,m
107,m
108,m
109,f
110,f
111,f
112,m
113,m
114,m
115,m
116,f
117,m
118,m
119,m
120,f
121,f
122,m
123,m
124,m
125,m
126,m
127,m
128,m
129,m
130,m
131,m
132,m
133,m
134,m
135,m
136,m
137,m
138,m
139,m
140,m
141,m
142,m
143,m
144,m
145,m
146,m
147,f
148,m
149,m
150,m
151,m
152,m
153,m
154,m
155,m
156,f
157,m
158,m
159,m
160,m
161,f
162,m
163,m
164,m
165,m
166,m
167,m
168,m
169,m
170,m
171,m
172,m
173,f
174,m
175,m
176,m
177,f
178,m
179,m
180,m
181,m
182,m
183,m
184,m
185,m
186,m
187,m
188,m
189,m
190,m
191,m
192,m
193,m
194,m
195,m
196,m
197,m
198,m
199,m
200,m
201,m
202,m
203,m
204,m
205,m
206,m
207,f
208,m
209,m
210,f
211,f
212,m
213,m
214,m
215,m
216,m
217,f
218,m
219,m
220,m
221,m
222,m
223,m
224,m
225,m
226,m
227,m
228,f
229,m
230,m
231,m
232,f
233,f
234,f
235,m
236,m
237,m
238,m
239,m
240,m
241,m
242,m
243,m
244,m
245,m
246,m
247,m
248,f
249,m
250,f
251,m
252,m
253,m
254,f
255,f
256,m
257,m
258,m
259,m
260,m
261,m
262,m
263,m
264,f
265,m
266,m
267,m
268,f
269,m
270,m
271,f
272,m
273,f
274,m
275,m
276,m
277,f
278,m
279,m
280,m
281,m
282,m
283,m
284,m
285,m
286,f
287,m
288,m
289,m
290,m
291,m
292,m
293,m
294,m
295,m
296,m
297,m
298,f
299,f
300,m
301,m
302,f
303,m
304,m
305,f
306,m
307,m
308,m
309,m
310,m
311,m
312,m
313,f
314,m
315,f
316,m
317,m
318,m
319,f
320,f
321,m
322,m
